<?xml version="1.0" encoding="UTF-8"?>
<project-private xmlns="http://www.netbeans.org/ns/project-private/1">
    <editor-bookmarks xmlns="http://www.netbeans.org/ns/editor-bookmarks/2" lastBookmarkId="0"/>
    <open-files xmlns="http://www.netbeans.org/ns/projectui-open-files/2">
        <group>
            <file>file:/C:/Users/marlo/OneDrive/Documentos/NetBeansProjects/Mediateca-POO-fase1/src/dao/MaterialResumenDAO.java</file>
            <file>file:/C:/Users/marlo/OneDrive/Documentos/NetBeansProjects/Mediateca-POO-fase1/src/controllers/MaterialResumenController.java</file>
            <file>file:/C:/Users/marlo/OneDrive/Documentos/NetBeansProjects/Mediateca-POO-fase1/src/Visual/Insertar.java</file>
        </group>
    </open-files>
</project-private>
